Year,Month,Day,Sum of Total_Bookings,Sum of adr,Sum of revenue,Cancellation %
2015,January,1,,12128100.03,32877649.66,0.371373064
2015,January,2,,12128100.03,32877649.66,0.371373064
2015,January,3,,12128100.03,32877649.66,0.371373064
2015,January,4,,12128100.03,32877649.66,0.371373064
2015,January,5,,12128100.03,32877649.66,0.371373064
2015,January,6,,12128100.03,32877649.66,0.371373064
2015,January,7,,12128100.03,32877649.66,0.371373064
2015,January,8,,12128100.03,32877649.66,0.371373064
2015,January,9,,12128100.03,32877649.66,0.371373064
2015,January,10,,12128100.03,32877649.66,0.371373064
2015,January,11,,12128100.03,32877649.66,0.371373064
2015,January,12,,12128100.03,32877649.66,0.371373064
2015,January,13,,12128100.03,32877649.66,0.371373064
2015,January,14,,12128100.03,32877649.66,0.371373064
2015,January,15,,12128100.03,32877649.66,0.371373064
2015,January,16,,12128100.03,32877649.66,0.371373064
2015,January,17,,12128100.03,32877649.66,0.371373064
2015,January,18,,12128100.03,32877649.66,0.371373064
2015,January,19,,12128100.03,32877649.66,0.371373064
2015,January,20,,12128100.03,32877649.66,0.371373064
2015,January,21,,12128100.03,32877649.66,0.371373064
2015,January,22,,12128100.03,32877649.66,0.371373064
2015,January,23,,12128100.03,32877649.66,0.371373064
2015,January,24,,12128100.03,32877649.66,0.371373064
2015,January,25,,12128100.03,32877649.66,0.371373064
2015,January,26,,12128100.03,32877649.66,0.371373064
2015,January,27,,12128100.03,32877649.66,0.371373064
2015,January,28,,12128100.03,32877649.66,0.371373064
2015,January,29,,12128100.03,32877649.66,0.371373064
2015,January,30,,12128100.03,32877649.66,0.371373064
2015,January,31,,12128100.03,32877649.66,0.371373064
2015,February,1,,12128100.03,32877649.66,0.371373064
2015,February,2,,12128100.03,32877649.66,0.371373064
2015,February,3,,12128100.03,32877649.66,0.371373064
2015,February,4,,12128100.03,32877649.66,0.371373064
2015,February,5,,12128100.03,32877649.66,0.371373064
2015,February,6,,12128100.03,32877649.66,0.371373064
2015,February,7,,12128100.03,32877649.66,0.371373064
2015,February,8,,12128100.03,32877649.66,0.371373064
2015,February,9,,12128100.03,32877649.66,0.371373064
2015,February,10,,12128100.03,32877649.66,0.371373064
2015,February,11,,12128100.03,32877649.66,0.371373064
2015,February,12,,12128100.03,32877649.66,0.371373064
2015,February,13,,12128100.03,32877649.66,0.371373064
2015,February,14,,12128100.03,32877649.66,0.371373064
2015,February,15,,12128100.03,32877649.66,0.371373064
2015,February,16,,12128100.03,32877649.66,0.371373064
2015,February,17,,12128100.03,32877649.66,0.371373064
2015,February,18,,12128100.03,32877649.66,0.371373064
2015,February,19,,12128100.03,32877649.66,0.371373064
2015,February,20,,12128100.03,32877649.66,0.371373064
2015,February,21,,12128100.03,32877649.66,0.371373064
2015,February,22,,12128100.03,32877649.66,0.371373064
2015,February,23,,12128100.03,32877649.66,0.371373064
2015,February,24,,12128100.03,32877649.66,0.371373064
2015,February,25,,12128100.03,32877649.66,0.371373064
2015,February,26,,12128100.03,32877649.66,0.371373064
2015,February,27,,12128100.03,32877649.66,0.371373064
2015,February,28,,12128100.03,32877649.66,0.371373064
2015,March,1,,12128100.03,32877649.66,0.371373064
2015,March,2,,12128100.03,32877649.66,0.371373064
2015,March,3,,12128100.03,32877649.66,0.371373064
2015,March,4,,12128100.03,32877649.66,0.371373064
2015,March,5,,12128100.03,32877649.66,0.371373064
2015,March,6,,12128100.03,32877649.66,0.371373064
2015,March,7,,12128100.03,32877649.66,0.371373064
2015,March,8,,12128100.03,32877649.66,0.371373064
2015,March,9,,12128100.03,32877649.66,0.371373064
2015,March,10,,12128100.03,32877649.66,0.371373064
2015,March,11,,12128100.03,32877649.66,0.371373064
2015,March,12,,12128100.03,32877649.66,0.371373064
2015,March,13,,12128100.03,32877649.66,0.371373064
2015,March,14,,12128100.03,32877649.66,0.371373064
2015,March,15,,12128100.03,32877649.66,0.371373064
2015,March,16,,12128100.03,32877649.66,0.371373064
2015,March,17,,12128100.03,32877649.66,0.371373064
2015,March,18,,12128100.03,32877649.66,0.371373064
2015,March,19,,12128100.03,32877649.66,0.371373064
2015,March,20,,12128100.03,32877649.66,0.371373064
2015,March,21,,12128100.03,32877649.66,0.371373064
2015,March,22,,12128100.03,32877649.66,0.371373064
2015,March,23,,12128100.03,32877649.66,0.371373064
2015,March,24,,12128100.03,32877649.66,0.371373064
2015,March,25,,12128100.03,32877649.66,0.371373064
2015,March,26,,12128100.03,32877649.66,0.371373064
2015,March,27,,12128100.03,32877649.66,0.371373064
2015,March,28,,12128100.03,32877649.66,0.371373064
2015,March,29,,12128100.03,32877649.66,0.371373064
2015,March,30,,12128100.03,32877649.66,0.371373064
2015,March,31,,12128100.03,32877649.66,0.371373064
2015,April,1,,12128100.03,32877649.66,0.371373064
2015,April,2,,12128100.03,32877649.66,0.371373064
2015,April,3,,12128100.03,32877649.66,0.371373064
2015,April,4,,12128100.03,32877649.66,0.371373064
2015,April,5,,12128100.03,32877649.66,0.371373064
2015,April,6,,12128100.03,32877649.66,0.371373064
2015,April,7,,12128100.03,32877649.66,0.371373064
2015,April,8,,12128100.03,32877649.66,0.371373064
2015,April,9,,12128100.03,32877649.66,0.371373064
2015,April,10,,12128100.03,32877649.66,0.371373064
2015,April,11,,12128100.03,32877649.66,0.371373064
2015,April,12,,12128100.03,32877649.66,0.371373064
2015,April,13,,12128100.03,32877649.66,0.371373064
2015,April,14,,12128100.03,32877649.66,0.371373064
2015,April,15,,12128100.03,32877649.66,0.371373064
2015,April,16,,12128100.03,32877649.66,0.371373064
2015,April,17,,12128100.03,32877649.66,0.371373064
2015,April,18,,12128100.03,32877649.66,0.371373064
2015,April,19,,12128100.03,32877649.66,0.371373064
2015,April,20,,12128100.03,32877649.66,0.371373064
2015,April,21,,12128100.03,32877649.66,0.371373064
2015,April,22,,12128100.03,32877649.66,0.371373064
2015,April,23,,12128100.03,32877649.66,0.371373064
2015,April,24,,12128100.03,32877649.66,0.371373064
2015,April,25,,12128100.03,32877649.66,0.371373064
2015,April,26,,12128100.03,32877649.66,0.371373064
2015,April,27,,12128100.03,32877649.66,0.371373064
2015,April,28,,12128100.03,32877649.66,0.371373064
2015,April,29,,12128100.03,32877649.66,0.371373064
2015,April,30,,12128100.03,32877649.66,0.371373064
2015,May,1,,12128100.03,32877649.66,0.371373064
2015,May,2,,12128100.03,32877649.66,0.371373064
2015,May,3,,12128100.03,32877649.66,0.371373064
2015,May,4,,12128100.03,32877649.66,0.371373064
2015,May,5,,12128100.03,32877649.66,0.371373064
2015,May,6,,12128100.03,32877649.66,0.371373064
2015,May,7,,12128100.03,32877649.66,0.371373064
2015,May,8,,12128100.03,32877649.66,0.371373064
2015,May,9,,12128100.03,32877649.66,0.371373064
2015,May,10,,12128100.03,32877649.66,0.371373064
2015,May,11,,12128100.03,32877649.66,0.371373064
2015,May,12,,12128100.03,32877649.66,0.371373064
2015,May,13,,12128100.03,32877649.66,0.371373064
2015,May,14,,12128100.03,32877649.66,0.371373064
2015,May,15,,12128100.03,32877649.66,0.371373064
2015,May,16,,12128100.03,32877649.66,0.371373064
2015,May,17,,12128100.03,32877649.66,0.371373064
2015,May,18,,12128100.03,32877649.66,0.371373064
2015,May,19,,12128100.03,32877649.66,0.371373064
2015,May,20,,12128100.03,32877649.66,0.371373064
2015,May,21,,12128100.03,32877649.66,0.371373064
2015,May,22,,12128100.03,32877649.66,0.371373064
2015,May,23,,12128100.03,32877649.66,0.371373064
2015,May,24,,12128100.03,32877649.66,0.371373064
2015,May,25,,12128100.03,32877649.66,0.371373064
2015,May,26,,12128100.03,32877649.66,0.371373064
2015,May,27,,12128100.03,32877649.66,0.371373064
2015,May,28,,12128100.03,32877649.66,0.371373064
2015,May,29,,12128100.03,32877649.66,0.371373064
2015,May,30,,12128100.03,32877649.66,0.371373064
2015,May,31,,12128100.03,32877649.66,0.371373064
2015,June,1,,12128100.03,32877649.66,0.371373064
2015,June,2,,12128100.03,32877649.66,0.371373064
2015,June,3,,12128100.03,32877649.66,0.371373064
2015,June,4,,12128100.03,32877649.66,0.371373064
2015,June,5,,12128100.03,32877649.66,0.371373064
2015,June,6,,12128100.03,32877649.66,0.371373064
2015,June,7,,12128100.03,32877649.66,0.371373064
2015,June,8,,12128100.03,32877649.66,0.371373064
2015,June,9,,12128100.03,32877649.66,0.371373064
2015,June,10,,12128100.03,32877649.66,0.371373064
2015,June,11,,12128100.03,32877649.66,0.371373064
2015,June,12,,12128100.03,32877649.66,0.371373064
2015,June,13,,12128100.03,32877649.66,0.371373064
2015,June,14,,12128100.03,32877649.66,0.371373064
2015,June,15,,12128100.03,32877649.66,0.371373064
2015,June,16,,12128100.03,32877649.66,0.371373064
2015,June,17,,12128100.03,32877649.66,0.371373064
2015,June,18,,12128100.03,32877649.66,0.371373064
2015,June,19,,12128100.03,32877649.66,0.371373064
2015,June,20,,12128100.03,32877649.66,0.371373064
2015,June,21,,12128100.03,32877649.66,0.371373064
2015,June,22,,12128100.03,32877649.66,0.371373064
2015,June,23,,12128100.03,32877649.66,0.371373064
2015,June,24,,12128100.03,32877649.66,0.371373064
2015,June,25,,12128100.03,32877649.66,0.371373064
2015,June,26,,12128100.03,32877649.66,0.371373064
2015,June,27,,12128100.03,32877649.66,0.371373064
2015,June,28,,12128100.03,32877649.66,0.371373064
2015,June,29,,12128100.03,32877649.66,0.371373064
2015,June,30,,12128100.03,32877649.66,0.371373064
2015,July,1,,12128100.03,32877649.66,0.371373064
2015,July,2,,12128100.03,32877649.66,0.371373064
2015,July,3,,12128100.03,32877649.66,0.371373064
2015,July,4,,12128100.03,32877649.66,0.371373064
2015,July,5,,12128100.03,32877649.66,0.371373064
2015,July,6,,12128100.03,32877649.66,0.371373064
2015,July,7,,12128100.03,32877649.66,0.371373064
2015,July,8,,12128100.03,32877649.66,0.371373064
2015,July,9,,12128100.03,32877649.66,0.371373064
2015,July,10,,12128100.03,32877649.66,0.371373064
2015,July,11,,12128100.03,32877649.66,0.371373064
2015,July,12,,12128100.03,32877649.66,0.371373064
2015,July,13,,12128100.03,32877649.66,0.371373064
2015,July,14,,12128100.03,32877649.66,0.371373064
2015,July,15,,12128100.03,32877649.66,0.371373064
2015,July,16,,12128100.03,32877649.66,0.371373064
2015,July,17,,12128100.03,32877649.66,0.371373064
2015,July,18,,12128100.03,32877649.66,0.371373064
2015,July,19,,12128100.03,32877649.66,0.371373064
2015,July,20,,12128100.03,32877649.66,0.371373064
2015,July,21,,12128100.03,32877649.66,0.371373064
2015,July,22,,12128100.03,32877649.66,0.371373064
2015,July,23,,12128100.03,32877649.66,0.371373064
2015,July,24,,12128100.03,32877649.66,0.371373064
2015,July,25,,12128100.03,32877649.66,0.371373064
2015,July,26,,12128100.03,32877649.66,0.371373064
2015,July,27,,12128100.03,32877649.66,0.371373064
2015,July,28,,12128100.03,32877649.66,0.371373064
2015,July,29,,12128100.03,32877649.66,0.371373064
2015,July,30,,12128100.03,32877649.66,0.371373064
2015,August,1,,12128100.03,32877649.66,0.371373064
2015,August,2,,12128100.03,32877649.66,0.371373064
2015,August,3,,12128100.03,32877649.66,0.371373064
2015,August,4,,12128100.03,32877649.66,0.371373064
2015,August,5,,12128100.03,32877649.66,0.371373064
2015,August,6,,12128100.03,32877649.66,0.371373064
2015,August,7,,12128100.03,32877649.66,0.371373064
2015,August,8,,12128100.03,32877649.66,0.371373064
2015,August,9,,12128100.03,32877649.66,0.371373064
2015,August,10,,12128100.03,32877649.66,0.371373064
2015,August,11,,12128100.03,32877649.66,0.371373064
2015,August,12,,12128100.03,32877649.66,0.371373064
2015,August,13,,12128100.03,32877649.66,0.371373064
2015,August,14,,12128100.03,32877649.66,0.371373064
2015,August,15,,12128100.03,32877649.66,0.371373064
2015,August,16,,12128100.03,32877649.66,0.371373064
2015,August,17,,12128100.03,32877649.66,0.371373064
2015,August,18,,12128100.03,32877649.66,0.371373064
2015,August,19,,12128100.03,32877649.66,0.371373064
2015,August,20,,12128100.03,32877649.66,0.371373064
2015,August,21,,12128100.03,32877649.66,0.371373064
2015,August,22,,12128100.03,32877649.66,0.371373064
2015,August,23,,12128100.03,32877649.66,0.371373064
2015,August,24,,12128100.03,32877649.66,0.371373064
2015,August,25,,12128100.03,32877649.66,0.371373064
2015,August,26,,12128100.03,32877649.66,0.371373064
2015,August,27,,12128100.03,32877649.66,0.371373064
2015,August,28,,12128100.03,32877649.66,0.371373064
2015,August,29,,12128100.03,32877649.66,0.371373064
2015,August,30,,12128100.03,32877649.66,0.371373064
2015,September,1,,12128100.03,32877649.66,0.371373064
2015,September,2,,12128100.03,32877649.66,0.371373064
2015,September,3,,12128100.03,32877649.66,0.371373064
2015,September,4,,12128100.03,32877649.66,0.371373064
2015,September,5,,12128100.03,32877649.66,0.371373064
2015,September,6,,12128100.03,32877649.66,0.371373064
2015,September,7,,12128100.03,32877649.66,0.371373064
2015,September,8,,12128100.03,32877649.66,0.371373064
2015,September,9,,12128100.03,32877649.66,0.371373064
2015,September,10,,12128100.03,32877649.66,0.371373064
2015,September,11,,12128100.03,32877649.66,0.371373064
2015,September,12,,12128100.03,32877649.66,0.371373064
2015,September,13,,12128100.03,32877649.66,0.371373064
2015,September,14,,12128100.03,32877649.66,0.371373064
2015,September,15,,12128100.03,32877649.66,0.371373064
2015,September,16,,12128100.03,32877649.66,0.371373064
2015,September,17,,12128100.03,32877649.66,0.371373064
2015,September,18,,12128100.03,32877649.66,0.371373064
2015,September,19,,12128100.03,32877649.66,0.371373064
2015,September,20,,12128100.03,32877649.66,0.371373064
2015,September,21,,12128100.03,32877649.66,0.371373064
2015,September,22,,12128100.03,32877649.66,0.371373064
2015,September,23,,12128100.03,32877649.66,0.371373064
2015,September,24,,12128100.03,32877649.66,0.371373064
2015,September,25,,12128100.03,32877649.66,0.371373064
2015,September,26,,12128100.03,32877649.66,0.371373064
2015,September,27,,12128100.03,32877649.66,0.371373064
2015,September,28,,12128100.03,32877649.66,0.371373064
2015,September,29,,12128100.03,32877649.66,0.371373064
2015,October,1,,12128100.03,32877649.66,0.371373064
2015,October,2,,12128100.03,32877649.66,0.371373064
2015,October,3,,12128100.03,32877649.66,0.371373064
2015,October,4,,12128100.03,32877649.66,0.371373064
2015,October,5,,12128100.03,32877649.66,0.371373064
2015,October,6,,12128100.03,32877649.66,0.371373064
2015,October,7,,12128100.03,32877649.66,0.371373064
2015,October,8,,12128100.03,32877649.66,0.371373064
2015,October,9,,12128100.03,32877649.66,0.371373064
2015,October,10,,12128100.03,32877649.66,0.371373064
2015,October,11,,12128100.03,32877649.66,0.371373064
2015,October,12,,12128100.03,32877649.66,0.371373064
2015,October,13,,12128100.03,32877649.66,0.371373064
2015,October,14,,12128100.03,32877649.66,0.371373064
2015,October,15,,12128100.03,32877649.66,0.371373064
2015,October,16,,12128100.03,32877649.66,0.371373064
2015,October,17,,12128100.03,32877649.66,0.371373064
2015,October,18,,12128100.03,32877649.66,0.371373064
2015,October,19,,12128100.03,32877649.66,0.371373064
2015,October,20,,12128100.03,32877649.66,0.371373064
2015,October,21,,12128100.03,32877649.66,0.371373064
2015,October,22,,12128100.03,32877649.66,0.371373064
2015,October,23,,12128100.03,32877649.66,0.371373064
2015,October,24,,12128100.03,32877649.66,0.371373064
2015,October,25,,12128100.03,32877649.66,0.371373064
2015,October,26,,12128100.03,32877649.66,0.371373064
2015,October,27,,12128100.03,32877649.66,0.371373064
2015,October,28,,12128100.03,32877649.66,0.371373064
2015,October,29,,12128100.03,32877649.66,0.371373064
2015,October,30,,12128100.03,32877649.66,0.371373064
2015,November,1,,12128100.03,32877649.66,0.371373064
2015,November,2,,12128100.03,32877649.66,0.371373064
2015,November,3,,12128100.03,32877649.66,0.371373064
2015,November,4,,12128100.03,32877649.66,0.371373064
2015,November,5,,12128100.03,32877649.66,0.371373064
2015,November,6,,12128100.03,32877649.66,0.371373064
2015,November,7,,12128100.03,32877649.66,0.371373064
2015,November,8,,12128100.03,32877649.66,0.371373064
2015,November,9,,12128100.03,32877649.66,0.371373064
2015,November,10,,12128100.03,32877649.66,0.371373064
2015,November,11,,12128100.03,32877649.66,0.371373064
2015,November,12,,12128100.03,32877649.66,0.371373064
2015,November,13,,12128100.03,32877649.66,0.371373064
2015,November,14,,12128100.03,32877649.66,0.371373064
2015,November,15,,12128100.03,32877649.66,0.371373064
2015,November,16,,12128100.03,32877649.66,0.371373064
2015,November,17,,12128100.03,32877649.66,0.371373064
2015,November,18,,12128100.03,32877649.66,0.371373064
2015,November,19,,12128100.03,32877649.66,0.371373064
2015,November,20,,12128100.03,32877649.66,0.371373064
2015,November,21,,12128100.03,32877649.66,0.371373064
2015,November,22,,12128100.03,32877649.66,0.371373064
2015,November,23,,12128100.03,32877649.66,0.371373064
2015,November,24,,12128100.03,32877649.66,0.371373064
2015,November,25,,12128100.03,32877649.66,0.371373064
2015,November,26,,12128100.03,32877649.66,0.371373064
2015,November,27,,12128100.03,32877649.66,0.371373064
2015,November,28,,12128100.03,32877649.66,0.371373064
2015,November,29,,12128100.03,32877649.66,0.371373064
2015,December,1,,12128100.03,32877649.66,0.371373064
2015,December,2,,12128100.03,32877649.66,0.371373064
2015,December,3,,12128100.03,32877649.66,0.371373064
2015,December,4,,12128100.03,32877649.66,0.371373064
2015,December,5,,12128100.03,32877649.66,0.371373064
2015,December,6,,12128100.03,32877649.66,0.371373064
2015,December,7,,12128100.03,32877649.66,0.371373064
2015,December,8,,12128100.03,32877649.66,0.371373064
2015,December,9,,12128100.03,32877649.66,0.371373064
2015,December,10,,12128100.03,32877649.66,0.371373064
2015,December,11,,12128100.03,32877649.66,0.371373064
2015,December,12,,12128100.03,32877649.66,0.371373064
2015,December,13,,12128100.03,32877649.66,0.371373064
2015,December,14,,12128100.03,32877649.66,0.371373064
2015,December,15,,12128100.03,32877649.66,0.371373064
2015,December,16,,12128100.03,32877649.66,0.371373064
2015,December,17,,12128100.03,32877649.66,0.371373064
2015,December,18,,12128100.03,32877649.66,0.371373064
2015,December,19,,12128100.03,32877649.66,0.371373064
2015,December,20,,12128100.03,32877649.66,0.371373064
2015,December,21,,12128100.03,32877649.66,0.371373064
2015,December,22,,12128100.03,32877649.66,0.371373064
2015,December,23,,12128100.03,32877649.66,0.371373064
2015,December,24,,12128100.03,32877649.66,0.371373064
2015,December,25,,12128100.03,32877649.66,0.371373064
2015,December,26,,12128100.03,32877649.66,0.371373064
2015,December,27,,12128100.03,32877649.66,0.371373064
2015,December,28,,12128100.03,32877649.66,0.371373064
2015,December,29,,12128100.03,32877649.66,0.371373064
2015,December,30,,12128100.03,32877649.66,0.371373064
2016,January,1,,12128100.03,32877649.66,0.371373064
2016,January,2,,12128100.03,32877649.66,0.371373064
2016,January,3,,12128100.03,32877649.66,0.371373064
2016,January,4,,12128100.03,32877649.66,0.371373064
2016,January,5,,12128100.03,32877649.66,0.371373064
2016,January,6,,12128100.03,32877649.66,0.371373064
2016,January,7,,12128100.03,32877649.66,0.371373064
2016,January,8,,12128100.03,32877649.66,0.371373064
2016,January,9,,12128100.03,32877649.66,0.371373064
2016,January,10,,12128100.03,32877649.66,0.371373064
2016,January,11,,12128100.03,32877649.66,0.371373064
2016,January,12,,12128100.03,32877649.66,0.371373064
2016,January,13,,12128100.03,32877649.66,0.371373064
2016,January,14,,12128100.03,32877649.66,0.371373064
2016,January,15,,12128100.03,32877649.66,0.371373064
2016,January,16,,12128100.03,32877649.66,0.371373064
2016,January,17,,12128100.03,32877649.66,0.371373064
2016,January,18,,12128100.03,32877649.66,0.371373064
2016,January,19,,12128100.03,32877649.66,0.371373064
2016,January,20,,12128100.03,32877649.66,0.371373064
2016,January,21,,12128100.03,32877649.66,0.371373064
2016,January,22,,12128100.03,32877649.66,0.371373064
2016,January,23,,12128100.03,32877649.66,0.371373064
2016,January,24,,12128100.03,32877649.66,0.371373064
2016,January,25,,12128100.03,32877649.66,0.371373064
2016,January,26,,12128100.03,32877649.66,0.371373064
2016,January,27,,12128100.03,32877649.66,0.371373064
2016,January,28,,12128100.03,32877649.66,0.371373064
2016,January,29,,12128100.03,32877649.66,0.371373064
2016,January,30,,12128100.03,32877649.66,0.371373064
2016,February,1,,12128100.03,32877649.66,0.371373064
2016,February,2,,12128100.03,32877649.66,0.371373064
2016,February,3,,12128100.03,32877649.66,0.371373064
2016,February,4,,12128100.03,32877649.66,0.371373064
2016,February,5,,12128100.03,32877649.66,0.371373064
2016,February,6,,12128100.03,32877649.66,0.371373064
2016,February,7,,12128100.03,32877649.66,0.371373064
2016,February,8,,12128100.03,32877649.66,0.371373064
2016,February,9,,12128100.03,32877649.66,0.371373064
2016,February,10,,12128100.03,32877649.66,0.371373064
2016,February,11,,12128100.03,32877649.66,0.371373064
2016,February,12,,12128100.03,32877649.66,0.371373064
2016,February,13,,12128100.03,32877649.66,0.371373064
2016,February,14,,12128100.03,32877649.66,0.371373064
2016,February,15,,12128100.03,32877649.66,0.371373064
2016,February,16,,12128100.03,32877649.66,0.371373064
2016,February,17,,12128100.03,32877649.66,0.371373064
2016,February,18,,12128100.03,32877649.66,0.371373064
2016,February,19,,12128100.03,32877649.66,0.371373064
2016,February,20,,12128100.03,32877649.66,0.371373064
2016,February,21,,12128100.03,32877649.66,0.371373064
2016,February,22,,12128100.03,32877649.66,0.371373064
2016,February,23,,12128100.03,32877649.66,0.371373064
2016,February,24,,12128100.03,32877649.66,0.371373064
2016,February,25,,12128100.03,32877649.66,0.371373064
2016,February,26,,12128100.03,32877649.66,0.371373064
2016,February,27,,12128100.03,32877649.66,0.371373064
2016,February,28,,12128100.03,32877649.66,0.371373064
2016,March,1,,12128100.03,32877649.66,0.371373064
2016,March,2,,12128100.03,32877649.66,0.371373064
2016,March,3,,12128100.03,32877649.66,0.371373064
2016,March,4,,12128100.03,32877649.66,0.371373064
2016,March,5,,12128100.03,32877649.66,0.371373064
2016,March,6,,12128100.03,32877649.66,0.371373064
2016,March,7,,12128100.03,32877649.66,0.371373064
2016,March,8,,12128100.03,32877649.66,0.371373064
2016,March,9,,12128100.03,32877649.66,0.371373064
2016,March,10,,12128100.03,32877649.66,0.371373064
2016,March,11,,12128100.03,32877649.66,0.371373064
2016,March,12,,12128100.03,32877649.66,0.371373064
2016,March,13,,12128100.03,32877649.66,0.371373064
2016,March,14,,12128100.03,32877649.66,0.371373064
2016,March,15,,12128100.03,32877649.66,0.371373064
2016,March,16,,12128100.03,32877649.66,0.371373064
2016,March,17,,12128100.03,32877649.66,0.371373064
2016,March,18,,12128100.03,32877649.66,0.371373064
2016,March,19,,12128100.03,32877649.66,0.371373064
2016,March,20,,12128100.03,32877649.66,0.371373064
2016,March,21,,12128100.03,32877649.66,0.371373064
2016,March,22,,12128100.03,32877649.66,0.371373064
2016,March,23,,12128100.03,32877649.66,0.371373064
2016,March,24,,12128100.03,32877649.66,0.371373064
2016,March,25,,12128100.03,32877649.66,0.371373064
2016,March,26,,12128100.03,32877649.66,0.371373064
2016,March,27,,12128100.03,32877649.66,0.371373064
2016,March,28,,12128100.03,32877649.66,0.371373064
2016,March,29,,12128100.03,32877649.66,0.371373064
2016,March,30,,12128100.03,32877649.66,0.371373064
2016,April,1,,12128100.03,32877649.66,0.371373064
2016,April,2,,12128100.03,32877649.66,0.371373064
2016,April,3,,12128100.03,32877649.66,0.371373064
2016,April,4,,12128100.03,32877649.66,0.371373064
2016,April,5,,12128100.03,32877649.66,0.371373064
2016,April,6,,12128100.03,32877649.66,0.371373064
2016,April,7,,12128100.03,32877649.66,0.371373064
2016,April,8,,12128100.03,32877649.66,0.371373064
2016,April,9,,12128100.03,32877649.66,0.371373064
2016,April,10,,12128100.03,32877649.66,0.371373064
2016,April,11,,12128100.03,32877649.66,0.371373064
2016,April,12,,12128100.03,32877649.66,0.371373064
2016,April,13,,12128100.03,32877649.66,0.371373064
2016,April,14,,12128100.03,32877649.66,0.371373064
2016,April,15,,12128100.03,32877649.66,0.371373064
2016,April,16,,12128100.03,32877649.66,0.371373064
2016,April,17,,12128100.03,32877649.66,0.371373064
2016,April,18,,12128100.03,32877649.66,0.371373064
2016,April,19,,12128100.03,32877649.66,0.371373064
2016,April,20,,12128100.03,32877649.66,0.371373064
2016,April,21,,12128100.03,32877649.66,0.371373064
2016,April,22,,12128100.03,32877649.66,0.371373064
2016,April,23,,12128100.03,32877649.66,0.371373064
2016,April,24,,12128100.03,32877649.66,0.371373064
2016,April,25,,12128100.03,32877649.66,0.371373064
2016,April,26,,12128100.03,32877649.66,0.371373064
2016,April,27,,12128100.03,32877649.66,0.371373064
2016,April,28,,12128100.03,32877649.66,0.371373064
2016,April,29,,12128100.03,32877649.66,0.371373064
2016,May,1,,12128100.03,32877649.66,0.371373064
2016,May,2,,12128100.03,32877649.66,0.371373064
2016,May,3,,12128100.03,32877649.66,0.371373064
2016,May,4,,12128100.03,32877649.66,0.371373064
2016,May,5,,12128100.03,32877649.66,0.371373064
2016,May,6,,12128100.03,32877649.66,0.371373064
2016,May,7,,12128100.03,32877649.66,0.371373064
2016,May,8,,12128100.03,32877649.66,0.371373064
2016,May,9,,12128100.03,32877649.66,0.371373064
2016,May,10,,12128100.03,32877649.66,0.371373064
2016,May,11,,12128100.03,32877649.66,0.371373064
2016,May,12,,12128100.03,32877649.66,0.371373064
2016,May,13,,12128100.03,32877649.66,0.371373064
2016,May,14,,12128100.03,32877649.66,0.371373064
2016,May,15,,12128100.03,32877649.66,0.371373064
2016,May,16,,12128100.03,32877649.66,0.371373064
2016,May,17,,12128100.03,32877649.66,0.371373064
2016,May,18,,12128100.03,32877649.66,0.371373064
2016,May,19,,12128100.03,32877649.66,0.371373064
2016,May,20,,12128100.03,32877649.66,0.371373064
2016,May,21,,12128100.03,32877649.66,0.371373064
2016,May,22,,12128100.03,32877649.66,0.371373064
2016,May,23,,12128100.03,32877649.66,0.371373064
2016,May,24,,12128100.03,32877649.66,0.371373064
2016,May,25,,12128100.03,32877649.66,0.371373064
2016,May,26,,12128100.03,32877649.66,0.371373064
2016,May,27,,12128100.03,32877649.66,0.371373064
2016,May,28,,12128100.03,32877649.66,0.371373064
2016,May,29,,12128100.03,32877649.66,0.371373064
2016,May,30,,12128100.03,32877649.66,0.371373064
2016,June,1,,12128100.03,32877649.66,0.371373064
2016,June,2,,12128100.03,32877649.66,0.371373064
2016,June,3,,12128100.03,32877649.66,0.371373064
2016,June,4,,12128100.03,32877649.66,0.371373064
2016,June,5,,12128100.03,32877649.66,0.371373064
2016,June,6,,12128100.03,32877649.66,0.371373064
2016,June,7,,12128100.03,32877649.66,0.371373064
2016,June,8,,12128100.03,32877649.66,0.371373064
2016,June,9,,12128100.03,32877649.66,0.371373064
2016,June,10,,12128100.03,32877649.66,0.371373064
2016,June,11,,12128100.03,32877649.66,0.371373064
2016,June,12,,12128100.03,32877649.66,0.371373064
2016,June,13,,12128100.03,32877649.66,0.371373064
2016,June,14,,12128100.03,32877649.66,0.371373064
2016,June,15,,12128100.03,32877649.66,0.371373064
2016,June,16,,12128100.03,32877649.66,0.371373064
2016,June,17,,12128100.03,32877649.66,0.371373064
2016,June,18,,12128100.03,32877649.66,0.371373064
2016,June,19,,12128100.03,32877649.66,0.371373064
2016,June,20,,12128100.03,32877649.66,0.371373064
2016,June,21,,12128100.03,32877649.66,0.371373064
2016,June,22,,12128100.03,32877649.66,0.371373064
2016,June,23,,12128100.03,32877649.66,0.371373064
2016,June,24,,12128100.03,32877649.66,0.371373064
2016,June,25,,12128100.03,32877649.66,0.371373064
2016,June,26,,12128100.03,32877649.66,0.371373064
2016,June,27,,12128100.03,32877649.66,0.371373064
2016,June,28,,12128100.03,32877649.66,0.371373064
2016,June,29,,12128100.03,32877649.66,0.371373064
2016,July,1,,12128100.03,32877649.66,0.371373064
2016,July,2,,12128100.03,32877649.66,0.371373064
2016,July,3,,12128100.03,32877649.66,0.371373064
2016,July,4,,12128100.03,32877649.66,0.371373064
2016,July,5,,12128100.03,32877649.66,0.371373064
2016,July,6,,12128100.03,32877649.66,0.371373064
2016,July,7,,12128100.03,32877649.66,0.371373064
2016,July,8,,12128100.03,32877649.66,0.371373064
2016,July,9,,12128100.03,32877649.66,0.371373064
2016,July,10,,12128100.03,32877649.66,0.371373064
2016,July,11,,12128100.03,32877649.66,0.371373064
2016,July,12,,12128100.03,32877649.66,0.371373064
2016,July,13,,12128100.03,32877649.66,0.371373064
2016,July,14,,12128100.03,32877649.66,0.371373064
2016,July,15,,12128100.03,32877649.66,0.371373064
2016,July,16,,12128100.03,32877649.66,0.371373064
2016,July,17,,12128100.03,32877649.66,0.371373064
2016,July,18,,12128100.03,32877649.66,0.371373064
2016,July,19,,12128100.03,32877649.66,0.371373064
2016,July,20,,12128100.03,32877649.66,0.371373064
2016,July,21,,12128100.03,32877649.66,0.371373064
2016,July,22,,12128100.03,32877649.66,0.371373064
2016,July,23,,12128100.03,32877649.66,0.371373064
2016,July,24,,12128100.03,32877649.66,0.371373064
2016,July,25,,12128100.03,32877649.66,0.371373064
2016,July,26,,12128100.03,32877649.66,0.371373064
2016,July,27,,12128100.03,32877649.66,0.371373064
2016,July,28,,12128100.03,32877649.66,0.371373064
2016,July,29,,12128100.03,32877649.66,0.371373064
2016,July,30,,12128100.03,32877649.66,0.371373064
2016,August,1,,12128100.03,32877649.66,0.371373064
2016,August,2,,12128100.03,32877649.66,0.371373064
2016,August,3,,12128100.03,32877649.66,0.371373064
2016,August,4,,12128100.03,32877649.66,0.371373064
2016,August,5,,12128100.03,32877649.66,0.371373064
2016,August,6,,12128100.03,32877649.66,0.371373064
2016,August,7,,12128100.03,32877649.66,0.371373064
2016,August,8,,12128100.03,32877649.66,0.371373064
2016,August,9,,12128100.03,32877649.66,0.371373064
2016,August,10,,12128100.03,32877649.66,0.371373064
2016,August,11,,12128100.03,32877649.66,0.371373064
2016,August,12,,12128100.03,32877649.66,0.371373064
2016,August,13,,12128100.03,32877649.66,0.371373064
2016,August,14,,12128100.03,32877649.66,0.371373064
2016,August,15,,12128100.03,32877649.66,0.371373064
2016,August,16,,12128100.03,32877649.66,0.371373064
2016,August,17,,12128100.03,32877649.66,0.371373064
2016,August,18,,12128100.03,32877649.66,0.371373064
2016,August,19,,12128100.03,32877649.66,0.371373064
2016,August,20,,12128100.03,32877649.66,0.371373064
2016,August,21,,12128100.03,32877649.66,0.371373064
2016,August,22,,12128100.03,32877649.66,0.371373064
2016,August,23,,12128100.03,32877649.66,0.371373064
2016,August,24,,12128100.03,32877649.66,0.371373064
2016,August,25,,12128100.03,32877649.66,0.371373064
2016,August,26,,12128100.03,32877649.66,0.371373064
2016,August,27,,12128100.03,32877649.66,0.371373064
2016,August,28,,12128100.03,32877649.66,0.371373064
2016,August,29,,12128100.03,32877649.66,0.371373064
2016,August,30,,12128100.03,32877649.66,0.371373064
2016,September,1,,12128100.03,32877649.66,0.371373064
2016,September,2,,12128100.03,32877649.66,0.371373064
2016,September,3,,12128100.03,32877649.66,0.371373064
2016,September,4,,12128100.03,32877649.66,0.371373064
2016,September,5,,12128100.03,32877649.66,0.371373064
2016,September,6,,12128100.03,32877649.66,0.371373064
2016,September,7,,12128100.03,32877649.66,0.371373064
2016,September,8,,12128100.03,32877649.66,0.371373064
2016,September,9,,12128100.03,32877649.66,0.371373064
2016,September,10,,12128100.03,32877649.66,0.371373064
2016,September,11,,12128100.03,32877649.66,0.371373064
2016,September,12,,12128100.03,32877649.66,0.371373064
2016,September,13,,12128100.03,32877649.66,0.371373064
2016,September,14,,12128100.03,32877649.66,0.371373064
2016,September,15,,12128100.03,32877649.66,0.371373064
2016,September,16,,12128100.03,32877649.66,0.371373064
2016,September,17,,12128100.03,32877649.66,0.371373064
2016,September,18,,12128100.03,32877649.66,0.371373064
2016,September,19,,12128100.03,32877649.66,0.371373064
2016,September,20,,12128100.03,32877649.66,0.371373064
2016,September,21,,12128100.03,32877649.66,0.371373064
2016,September,22,,12128100.03,32877649.66,0.371373064
2016,September,23,,12128100.03,32877649.66,0.371373064
2016,September,24,,12128100.03,32877649.66,0.371373064
2016,September,25,,12128100.03,32877649.66,0.371373064
2016,September,26,,12128100.03,32877649.66,0.371373064
2016,September,27,,12128100.03,32877649.66,0.371373064
2016,September,28,,12128100.03,32877649.66,0.371373064
2016,September,29,,12128100.03,32877649.66,0.371373064
2016,October,1,,12128100.03,32877649.66,0.371373064
2016,October,2,,12128100.03,32877649.66,0.371373064
2016,October,3,,12128100.03,32877649.66,0.371373064
2016,October,4,,12128100.03,32877649.66,0.371373064
2016,October,5,,12128100.03,32877649.66,0.371373064
2016,October,6,,12128100.03,32877649.66,0.371373064
2016,October,7,,12128100.03,32877649.66,0.371373064
2016,October,8,,12128100.03,32877649.66,0.371373064
2016,October,9,,12128100.03,32877649.66,0.371373064
2016,October,10,,12128100.03,32877649.66,0.371373064
2016,October,11,,12128100.03,32877649.66,0.371373064
2016,October,12,,12128100.03,32877649.66,0.371373064
2016,October,13,,12128100.03,32877649.66,0.371373064
2016,October,14,,12128100.03,32877649.66,0.371373064
2016,October,15,,12128100.03,32877649.66,0.371373064
2016,October,16,,12128100.03,32877649.66,0.371373064
2016,October,17,,12128100.03,32877649.66,0.371373064
2016,October,18,,12128100.03,32877649.66,0.371373064
2016,October,19,,12128100.03,32877649.66,0.371373064
2016,October,20,,12128100.03,32877649.66,0.371373064
2016,October,21,,12128100.03,32877649.66,0.371373064
2016,October,22,,12128100.03,32877649.66,0.371373064
2016,October,23,,12128100.03,32877649.66,0.371373064
2016,October,24,,12128100.03,32877649.66,0.371373064
2016,October,25,,12128100.03,32877649.66,0.371373064
2016,October,26,,12128100.03,32877649.66,0.371373064
2016,October,27,,12128100.03,32877649.66,0.371373064
2016,October,28,,12128100.03,32877649.66,0.371373064
2016,October,29,,12128100.03,32877649.66,0.371373064
2016,October,30,,12128100.03,32877649.66,0.371373064
2016,November,1,,12128100.03,32877649.66,0.371373064
2016,November,2,,12128100.03,32877649.66,0.371373064
2016,November,3,,12128100.03,32877649.66,0.371373064
2016,November,4,,12128100.03,32877649.66,0.371373064
2016,November,5,,12128100.03,32877649.66,0.371373064
2016,November,6,,12128100.03,32877649.66,0.371373064
2016,November,7,,12128100.03,32877649.66,0.371373064
2016,November,8,,12128100.03,32877649.66,0.371373064
2016,November,9,,12128100.03,32877649.66,0.371373064
2016,November,10,,12128100.03,32877649.66,0.371373064
2016,November,11,,12128100.03,32877649.66,0.371373064
2016,November,12,,12128100.03,32877649.66,0.371373064
2016,November,13,,12128100.03,32877649.66,0.371373064
2016,November,14,,12128100.03,32877649.66,0.371373064
2016,November,15,,12128100.03,32877649.66,0.371373064
2016,November,16,,12128100.03,32877649.66,0.371373064
2016,November,17,,12128100.03,32877649.66,0.371373064
2016,November,18,,12128100.03,32877649.66,0.371373064
2016,November,19,,12128100.03,32877649.66,0.371373064
2016,November,20,,12128100.03,32877649.66,0.371373064
2016,November,21,,12128100.03,32877649.66,0.371373064
2016,November,22,,12128100.03,32877649.66,0.371373064
2016,November,23,,12128100.03,32877649.66,0.371373064
2016,November,24,,12128100.03,32877649.66,0.371373064
2016,November,25,,12128100.03,32877649.66,0.371373064
2016,November,26,,12128100.03,32877649.66,0.371373064
2016,November,27,,12128100.03,32877649.66,0.371373064
2016,November,28,,12128100.03,32877649.66,0.371373064
2016,November,29,,12128100.03,32877649.66,0.371373064
2016,December,1,,12128100.03,32877649.66,0.371373064
2016,December,2,,12128100.03,32877649.66,0.371373064
2016,December,3,,12128100.03,32877649.66,0.371373064
2016,December,4,,12128100.03,32877649.66,0.371373064
2016,December,5,,12128100.03,32877649.66,0.371373064
2016,December,6,,12128100.03,32877649.66,0.371373064
2016,December,7,,12128100.03,32877649.66,0.371373064
2016,December,8,,12128100.03,32877649.66,0.371373064
2016,December,9,,12128100.03,32877649.66,0.371373064
2016,December,10,,12128100.03,32877649.66,0.371373064
2016,December,11,,12128100.03,32877649.66,0.371373064
2016,December,12,,12128100.03,32877649.66,0.371373064
2016,December,13,,12128100.03,32877649.66,0.371373064
2016,December,14,,12128100.03,32877649.66,0.371373064
2016,December,15,,12128100.03,32877649.66,0.371373064
2016,December,16,,12128100.03,32877649.66,0.371373064
2016,December,17,,12128100.03,32877649.66,0.371373064
2016,December,18,,12128100.03,32877649.66,0.371373064
2016,December,19,,12128100.03,32877649.66,0.371373064
2016,December,20,,12128100.03,32877649.66,0.371373064
2016,December,21,,12128100.03,32877649.66,0.371373064
2016,December,22,,12128100.03,32877649.66,0.371373064
2016,December,23,,12128100.03,32877649.66,0.371373064
2016,December,24,,12128100.03,32877649.66,0.371373064
2016,December,25,,12128100.03,32877649.66,0.371373064
2016,December,26,,12128100.03,32877649.66,0.371373064
2016,December,27,,12128100.03,32877649.66,0.371373064
2016,December,28,,12128100.03,32877649.66,0.371373064
2016,December,29,,12128100.03,32877649.66,0.371373064
2016,December,30,,12128100.03,32877649.66,0.371373064
2017,January,1,,12128100.03,32877649.66,0.371373064
2017,January,2,,12128100.03,32877649.66,0.371373064
2017,January,3,,12128100.03,32877649.66,0.371373064
2017,January,4,,12128100.03,32877649.66,0.371373064
2017,January,5,,12128100.03,32877649.66,0.371373064
2017,January,6,,12128100.03,32877649.66,0.371373064
2017,January,7,,12128100.03,32877649.66,0.371373064
2017,January,8,,12128100.03,32877649.66,0.371373064
2017,January,9,,12128100.03,32877649.66,0.371373064
2017,January,10,,12128100.03,32877649.66,0.371373064
2017,January,11,,12128100.03,32877649.66,0.371373064
2017,January,12,,12128100.03,32877649.66,0.371373064
2017,January,13,,12128100.03,32877649.66,0.371373064
2017,January,14,,12128100.03,32877649.66,0.371373064
2017,January,15,,12128100.03,32877649.66,0.371373064
2017,January,16,,12128100.03,32877649.66,0.371373064
2017,January,17,,12128100.03,32877649.66,0.371373064
2017,January,18,,12128100.03,32877649.66,0.371373064
2017,January,19,,12128100.03,32877649.66,0.371373064
2017,January,20,,12128100.03,32877649.66,0.371373064
2017,January,21,,12128100.03,32877649.66,0.371373064
2017,January,22,,12128100.03,32877649.66,0.371373064
2017,January,23,,12128100.03,32877649.66,0.371373064
2017,January,24,,12128100.03,32877649.66,0.371373064
2017,January,25,,12128100.03,32877649.66,0.371373064
2017,January,26,,12128100.03,32877649.66,0.371373064
2017,January,27,,12128100.03,32877649.66,0.371373064
2017,January,28,,12128100.03,32877649.66,0.371373064
2017,January,29,,12128100.03,32877649.66,0.371373064
2017,January,30,,12128100.03,32877649.66,0.371373064
2017,February,1,,12128100.03,32877649.66,0.371373064
2017,February,2,,12128100.03,32877649.66,0.371373064
2017,February,3,,12128100.03,32877649.66,0.371373064
2017,February,4,,12128100.03,32877649.66,0.371373064
2017,February,5,,12128100.03,32877649.66,0.371373064
2017,February,6,,12128100.03,32877649.66,0.371373064
2017,February,7,,12128100.03,32877649.66,0.371373064
2017,February,8,,12128100.03,32877649.66,0.371373064
2017,February,9,,12128100.03,32877649.66,0.371373064
2017,February,10,,12128100.03,32877649.66,0.371373064
2017,February,11,,12128100.03,32877649.66,0.371373064
2017,February,12,,12128100.03,32877649.66,0.371373064
2017,February,13,,12128100.03,32877649.66,0.371373064
2017,February,14,,12128100.03,32877649.66,0.371373064
2017,February,15,,12128100.03,32877649.66,0.371373064
2017,February,16,,12128100.03,32877649.66,0.371373064
2017,February,17,,12128100.03,32877649.66,0.371373064
2017,February,18,,12128100.03,32877649.66,0.371373064
2017,February,19,,12128100.03,32877649.66,0.371373064
2017,February,20,,12128100.03,32877649.66,0.371373064
2017,February,21,,12128100.03,32877649.66,0.371373064
2017,February,22,,12128100.03,32877649.66,0.371373064
2017,February,23,,12128100.03,32877649.66,0.371373064
2017,February,24,,12128100.03,32877649.66,0.371373064
2017,February,25,,12128100.03,32877649.66,0.371373064
2017,February,26,,12128100.03,32877649.66,0.371373064
2017,February,27,,12128100.03,32877649.66,0.371373064
2017,March,1,,12128100.03,32877649.66,0.371373064
2017,March,2,,12128100.03,32877649.66,0.371373064
2017,March,3,,12128100.03,32877649.66,0.371373064
2017,March,4,,12128100.03,32877649.66,0.371373064
2017,March,5,,12128100.03,32877649.66,0.371373064
2017,March,6,,12128100.03,32877649.66,0.371373064
2017,March,7,,12128100.03,32877649.66,0.371373064
2017,March,8,,12128100.03,32877649.66,0.371373064
2017,March,9,,12128100.03,32877649.66,0.371373064
2017,March,10,,12128100.03,32877649.66,0.371373064
2017,March,11,,12128100.03,32877649.66,0.371373064
2017,March,12,,12128100.03,32877649.66,0.371373064
2017,March,13,,12128100.03,32877649.66,0.371373064
2017,March,14,,12128100.03,32877649.66,0.371373064
2017,March,15,,12128100.03,32877649.66,0.371373064
2017,March,16,,12128100.03,32877649.66,0.371373064
2017,March,17,,12128100.03,32877649.66,0.371373064
2017,March,18,,12128100.03,32877649.66,0.371373064
2017,March,19,,12128100.03,32877649.66,0.371373064
2017,March,20,,12128100.03,32877649.66,0.371373064
2017,March,21,,12128100.03,32877649.66,0.371373064
2017,March,22,,12128100.03,32877649.66,0.371373064
2017,March,23,,12128100.03,32877649.66,0.371373064
2017,March,24,,12128100.03,32877649.66,0.371373064
2017,March,25,,12128100.03,32877649.66,0.371373064
2017,March,26,,12128100.03,32877649.66,0.371373064
2017,March,27,,12128100.03,32877649.66,0.371373064
2017,March,28,,12128100.03,32877649.66,0.371373064
2017,March,29,,12128100.03,32877649.66,0.371373064
2017,March,30,,12128100.03,32877649.66,0.371373064
2017,April,1,,12128100.03,32877649.66,0.371373064
2017,April,2,,12128100.03,32877649.66,0.371373064
2017,April,3,,12128100.03,32877649.66,0.371373064
2017,April,4,,12128100.03,32877649.66,0.371373064
2017,April,5,,12128100.03,32877649.66,0.371373064
2017,April,6,,12128100.03,32877649.66,0.371373064
2017,April,7,,12128100.03,32877649.66,0.371373064
2017,April,8,,12128100.03,32877649.66,0.371373064
2017,April,9,,12128100.03,32877649.66,0.371373064
2017,April,10,,12128100.03,32877649.66,0.371373064
2017,April,11,,12128100.03,32877649.66,0.371373064
2017,April,12,,12128100.03,32877649.66,0.371373064
2017,April,13,,12128100.03,32877649.66,0.371373064
2017,April,14,,12128100.03,32877649.66,0.371373064
2017,April,15,,12128100.03,32877649.66,0.371373064
2017,April,16,,12128100.03,32877649.66,0.371373064
2017,April,17,,12128100.03,32877649.66,0.371373064
2017,April,18,,12128100.03,32877649.66,0.371373064
2017,April,19,,12128100.03,32877649.66,0.371373064
2017,April,20,,12128100.03,32877649.66,0.371373064
2017,April,21,,12128100.03,32877649.66,0.371373064
2017,April,22,,12128100.03,32877649.66,0.371373064
2017,April,23,,12128100.03,32877649.66,0.371373064
2017,April,24,,12128100.03,32877649.66,0.371373064
2017,April,25,,12128100.03,32877649.66,0.371373064
2017,April,26,,12128100.03,32877649.66,0.371373064
2017,April,27,,12128100.03,32877649.66,0.371373064
2017,April,28,,12128100.03,32877649.66,0.371373064
2017,April,29,,12128100.03,32877649.66,0.371373064
2017,May,1,,12128100.03,32877649.66,0.371373064
2017,May,2,,12128100.03,32877649.66,0.371373064
2017,May,3,,12128100.03,32877649.66,0.371373064
2017,May,4,,12128100.03,32877649.66,0.371373064
2017,May,5,,12128100.03,32877649.66,0.371373064
2017,May,6,,12128100.03,32877649.66,0.371373064
2017,May,7,,12128100.03,32877649.66,0.371373064
2017,May,8,,12128100.03,32877649.66,0.371373064
2017,May,9,,12128100.03,32877649.66,0.371373064
2017,May,10,,12128100.03,32877649.66,0.371373064
2017,May,11,,12128100.03,32877649.66,0.371373064
2017,May,12,,12128100.03,32877649.66,0.371373064
2017,May,13,,12128100.03,32877649.66,0.371373064
2017,May,14,,12128100.03,32877649.66,0.371373064
2017,May,15,,12128100.03,32877649.66,0.371373064
2017,May,16,,12128100.03,32877649.66,0.371373064
2017,May,17,,12128100.03,32877649.66,0.371373064
2017,May,18,,12128100.03,32877649.66,0.371373064
2017,May,19,,12128100.03,32877649.66,0.371373064
2017,May,20,,12128100.03,32877649.66,0.371373064
2017,May,21,,12128100.03,32877649.66,0.371373064
2017,May,22,,12128100.03,32877649.66,0.371373064
2017,May,23,,12128100.03,32877649.66,0.371373064
2017,May,24,,12128100.03,32877649.66,0.371373064
2017,May,25,,12128100.03,32877649.66,0.371373064
2017,May,26,,12128100.03,32877649.66,0.371373064
2017,May,27,,12128100.03,32877649.66,0.371373064
2017,May,28,,12128100.03,32877649.66,0.371373064
2017,May,29,,12128100.03,32877649.66,0.371373064
2017,May,30,,12128100.03,32877649.66,0.371373064
2017,June,1,,12128100.03,32877649.66,0.371373064
2017,June,2,,12128100.03,32877649.66,0.371373064
2017,June,3,,12128100.03,32877649.66,0.371373064
2017,June,4,,12128100.03,32877649.66,0.371373064
2017,June,5,,12128100.03,32877649.66,0.371373064
2017,June,6,,12128100.03,32877649.66,0.371373064
2017,June,7,,12128100.03,32877649.66,0.371373064
2017,June,8,,12128100.03,32877649.66,0.371373064
2017,June,9,,12128100.03,32877649.66,0.371373064
2017,June,10,,12128100.03,32877649.66,0.371373064
2017,June,11,,12128100.03,32877649.66,0.371373064
2017,June,12,,12128100.03,32877649.66,0.371373064
2017,June,13,,12128100.03,32877649.66,0.371373064
2017,June,14,,12128100.03,32877649.66,0.371373064
2017,June,15,,12128100.03,32877649.66,0.371373064
2017,June,16,,12128100.03,32877649.66,0.371373064
2017,June,17,,12128100.03,32877649.66,0.371373064
2017,June,18,,12128100.03,32877649.66,0.371373064
2017,June,19,,12128100.03,32877649.66,0.371373064
2017,June,20,,12128100.03,32877649.66,0.371373064
2017,June,21,,12128100.03,32877649.66,0.371373064
2017,June,22,,12128100.03,32877649.66,0.371373064
2017,June,23,,12128100.03,32877649.66,0.371373064
2017,June,24,,12128100.03,32877649.66,0.371373064
2017,June,25,,12128100.03,32877649.66,0.371373064
2017,June,26,,12128100.03,32877649.66,0.371373064
2017,June,27,,12128100.03,32877649.66,0.371373064
2017,June,28,,12128100.03,32877649.66,0.371373064
2017,June,29,,12128100.03,32877649.66,0.371373064
2017,July,1,,12128100.03,32877649.66,0.371373064
2017,July,2,,12128100.03,32877649.66,0.371373064
2017,July,3,,12128100.03,32877649.66,0.371373064
2017,July,4,,12128100.03,32877649.66,0.371373064
2017,July,5,,12128100.03,32877649.66,0.371373064
2017,July,6,,12128100.03,32877649.66,0.371373064
2017,July,7,,12128100.03,32877649.66,0.371373064
2017,July,8,,12128100.03,32877649.66,0.371373064
2017,July,9,,12128100.03,32877649.66,0.371373064
2017,July,10,,12128100.03,32877649.66,0.371373064
2017,July,11,,12128100.03,32877649.66,0.371373064
2017,July,12,,12128100.03,32877649.66,0.371373064
2017,July,13,,12128100.03,32877649.66,0.371373064
2017,July,14,,12128100.03,32877649.66,0.371373064
2017,July,15,,12128100.03,32877649.66,0.371373064
2017,July,16,,12128100.03,32877649.66,0.371373064
2017,July,17,,12128100.03,32877649.66,0.371373064
2017,July,18,,12128100.03,32877649.66,0.371373064
2017,July,19,,12128100.03,32877649.66,0.371373064
2017,July,20,,12128100.03,32877649.66,0.371373064
2017,July,21,,12128100.03,32877649.66,0.371373064
2017,July,22,,12128100.03,32877649.66,0.371373064
2017,July,23,,12128100.03,32877649.66,0.371373064
2017,July,24,,12128100.03,32877649.66,0.371373064
2017,July,25,,12128100.03,32877649.66,0.371373064
2017,July,26,,12128100.03,32877649.66,0.371373064
2017,July,27,,12128100.03,32877649.66,0.371373064
2017,July,28,,12128100.03,32877649.66,0.371373064
2017,July,29,,12128100.03,32877649.66,0.371373064
2017,July,30,,12128100.03,32877649.66,0.371373064
2017,August,1,,12128100.03,32877649.66,0.371373064
2017,August,2,,12128100.03,32877649.66,0.371373064
2017,August,3,,12128100.03,32877649.66,0.371373064
2017,August,4,,12128100.03,32877649.66,0.371373064
2017,August,5,,12128100.03,32877649.66,0.371373064
2017,August,6,,12128100.03,32877649.66,0.371373064
2017,August,7,,12128100.03,32877649.66,0.371373064
2017,August,8,,12128100.03,32877649.66,0.371373064
2017,August,9,,12128100.03,32877649.66,0.371373064
2017,August,10,,12128100.03,32877649.66,0.371373064
2017,August,11,,12128100.03,32877649.66,0.371373064
2017,August,12,,12128100.03,32877649.66,0.371373064
2017,August,13,,12128100.03,32877649.66,0.371373064
2017,August,14,,12128100.03,32877649.66,0.371373064
2017,August,15,,12128100.03,32877649.66,0.371373064
2017,August,16,,12128100.03,32877649.66,0.371373064
2017,August,17,,12128100.03,32877649.66,0.371373064
2017,August,18,,12128100.03,32877649.66,0.371373064
2017,August,19,,12128100.03,32877649.66,0.371373064
2017,August,20,,12128100.03,32877649.66,0.371373064
2017,August,21,,12128100.03,32877649.66,0.371373064
2017,August,22,,12128100.03,32877649.66,0.371373064
2017,August,23,,12128100.03,32877649.66,0.371373064
2017,August,24,,12128100.03,32877649.66,0.371373064
2017,August,25,,12128100.03,32877649.66,0.371373064
2017,August,26,,12128100.03,32877649.66,0.371373064
2017,August,27,,12128100.03,32877649.66,0.371373064
2017,August,28,,12128100.03,32877649.66,0.371373064
2017,August,29,,12128100.03,32877649.66,0.371373064
2017,August,30,,12128100.03,32877649.66,0.371373064
2017,September,1,,12128100.03,32877649.66,0.371373064
2017,September,2,,12128100.03,32877649.66,0.371373064
2017,September,3,,12128100.03,32877649.66,0.371373064
2017,September,4,,12128100.03,32877649.66,0.371373064
2017,September,5,,12128100.03,32877649.66,0.371373064
2017,September,6,,12128100.03,32877649.66,0.371373064
2017,September,7,,12128100.03,32877649.66,0.371373064
2017,September,8,,12128100.03,32877649.66,0.371373064
2017,September,9,,12128100.03,32877649.66,0.371373064
2017,September,10,,12128100.03,32877649.66,0.371373064
2017,September,11,,12128100.03,32877649.66,0.371373064
2017,September,12,,12128100.03,32877649.66,0.371373064
2017,September,13,,12128100.03,32877649.66,0.371373064
2017,September,14,,12128100.03,32877649.66,0.371373064
2017,September,15,,12128100.03,32877649.66,0.371373064
2017,September,16,,12128100.03,32877649.66,0.371373064
2017,September,17,,12128100.03,32877649.66,0.371373064
2017,September,18,,12128100.03,32877649.66,0.371373064
2017,September,19,,12128100.03,32877649.66,0.371373064
2017,September,20,,12128100.03,32877649.66,0.371373064
2017,September,21,,12128100.03,32877649.66,0.371373064
2017,September,22,,12128100.03,32877649.66,0.371373064
2017,September,23,,12128100.03,32877649.66,0.371373064
2017,September,24,,12128100.03,32877649.66,0.371373064
2017,September,25,,12128100.03,32877649.66,0.371373064
2017,September,26,,12128100.03,32877649.66,0.371373064
2017,September,27,,12128100.03,32877649.66,0.371373064
2017,September,28,,12128100.03,32877649.66,0.371373064
2017,September,29,,12128100.03,32877649.66,0.371373064
2017,September,30,,12128100.03,32877649.66,0.371373064
2017,October,1,,12128100.03,32877649.66,0.371373064
2017,October,2,,12128100.03,32877649.66,0.371373064
2017,October,3,,12128100.03,32877649.66,0.371373064
2017,October,4,,12128100.03,32877649.66,0.371373064
2017,October,5,,12128100.03,32877649.66,0.371373064
2017,October,6,,12128100.03,32877649.66,0.371373064
2017,October,7,,12128100.03,32877649.66,0.371373064
2017,October,8,,12128100.03,32877649.66,0.371373064
2017,October,9,,12128100.03,32877649.66,0.371373064
2017,October,10,,12128100.03,32877649.66,0.371373064
2017,October,11,,12128100.03,32877649.66,0.371373064
2017,October,12,,12128100.03,32877649.66,0.371373064
2017,October,13,,12128100.03,32877649.66,0.371373064
2017,October,14,,12128100.03,32877649.66,0.371373064
2017,October,15,,12128100.03,32877649.66,0.371373064
2017,October,16,,12128100.03,32877649.66,0.371373064
2017,October,17,,12128100.03,32877649.66,0.371373064
2017,October,18,,12128100.03,32877649.66,0.371373064
2017,October,19,,12128100.03,32877649.66,0.371373064
2017,October,20,,12128100.03,32877649.66,0.371373064
2017,October,21,,12128100.03,32877649.66,0.371373064
2017,October,22,,12128100.03,32877649.66,0.371373064
2017,October,23,,12128100.03,32877649.66,0.371373064
2017,October,24,,12128100.03,32877649.66,0.371373064
2017,October,25,,12128100.03,32877649.66,0.371373064
2017,October,26,,12128100.03,32877649.66,0.371373064
2017,October,27,,12128100.03,32877649.66,0.371373064
2017,October,28,,12128100.03,32877649.66,0.371373064
2017,October,29,,12128100.03,32877649.66,0.371373064
2017,October,30,,12128100.03,32877649.66,0.371373064
2017,October,31,,12128100.03,32877649.66,0.371373064
2017,November,1,,12128100.03,32877649.66,0.371373064
2017,November,2,,12128100.03,32877649.66,0.371373064
2017,November,3,,12128100.03,32877649.66,0.371373064
2017,November,4,,12128100.03,32877649.66,0.371373064
2017,November,5,,12128100.03,32877649.66,0.371373064
2017,November,6,,12128100.03,32877649.66,0.371373064
2017,November,7,,12128100.03,32877649.66,0.371373064
2017,November,8,,12128100.03,32877649.66,0.371373064
2017,November,9,,12128100.03,32877649.66,0.371373064
2017,November,10,,12128100.03,32877649.66,0.371373064
2017,November,11,,12128100.03,32877649.66,0.371373064
2017,November,12,,12128100.03,32877649.66,0.371373064
2017,November,13,,12128100.03,32877649.66,0.371373064
2017,November,14,,12128100.03,32877649.66,0.371373064
2017,November,15,,12128100.03,32877649.66,0.371373064
2017,November,16,,12128100.03,32877649.66,0.371373064
2017,November,17,,12128100.03,32877649.66,0.371373064
2017,November,18,,12128100.03,32877649.66,0.371373064
2017,November,19,,12128100.03,32877649.66,0.371373064
2017,November,20,,12128100.03,32877649.66,0.371373064
2017,November,21,,12128100.03,32877649.66,0.371373064
2017,November,22,,12128100.03,32877649.66,0.371373064
2017,November,23,,12128100.03,32877649.66,0.371373064
2017,November,24,,12128100.03,32877649.66,0.371373064
2017,November,25,,12128100.03,32877649.66,0.371373064
2017,November,26,,12128100.03,32877649.66,0.371373064
2017,November,27,,12128100.03,32877649.66,0.371373064
2017,November,28,,12128100.03,32877649.66,0.371373064
2017,November,29,,12128100.03,32877649.66,0.371373064
2017,November,30,,12128100.03,32877649.66,0.371373064
2017,December,1,,12128100.03,32877649.66,0.371373064
2017,December,2,,12128100.03,32877649.66,0.371373064
2017,December,3,,12128100.03,32877649.66,0.371373064
2017,December,4,,12128100.03,32877649.66,0.371373064
2017,December,5,,12128100.03,32877649.66,0.371373064
2017,December,6,,12128100.03,32877649.66,0.371373064
2017,December,7,,12128100.03,32877649.66,0.371373064
2017,December,8,,12128100.03,32877649.66,0.371373064
2017,December,9,,12128100.03,32877649.66,0.371373064
2017,December,10,,12128100.03,32877649.66,0.371373064
2017,December,11,,12128100.03,32877649.66,0.371373064
2017,December,12,,12128100.03,32877649.66,0.371373064
2017,December,13,,12128100.03,32877649.66,0.371373064
2017,December,14,,12128100.03,32877649.66,0.371373064
2017,December,15,,12128100.03,32877649.66,0.371373064
2017,December,16,,12128100.03,32877649.66,0.371373064
2017,December,17,,12128100.03,32877649.66,0.371373064
2017,December,18,,12128100.03,32877649.66,0.371373064
2017,December,19,,12128100.03,32877649.66,0.371373064
2017,December,20,,12128100.03,32877649.66,0.371373064
2017,December,21,,12128100.03,32877649.66,0.371373064
2017,December,22,,12128100.03,32877649.66,0.371373064
2017,December,23,,12128100.03,32877649.66,0.371373064
2017,December,24,,12128100.03,32877649.66,0.371373064
2017,December,25,,12128100.03,32877649.66,0.371373064
2017,December,26,,12128100.03,32877649.66,0.371373064
2017,December,27,,12128100.03,32877649.66,0.371373064
2017,December,28,,12128100.03,32877649.66,0.371373064
2017,December,29,,12128100.03,32877649.66,0.371373064
2017,December,30,,12128100.03,32877649.66,0.371373064
2017,December,31,,12128100.03,32877649.66,0.371373064
2016,January,31,2215,12128100.03,32877649.66,0.371373064
2015,November,30,2320,12128100.03,32877649.66,0.371373064
2015,July,31,2763,12128100.03,32877649.66,0.371373064
2015,December,31,2900,12128100.03,32877649.66,0.371373064
2017,January,31,3659,12128100.03,32877649.66,0.371373064
2016,December,31,3828,12128100.03,32877649.66,0.371373064
2016,February,29,3857,12128100.03,32877649.66,0.371373064
2015,August,31,3877,12128100.03,32877649.66,0.371373064
2017,February,28,4155,12128100.03,32877649.66,0.371373064
2016,November,30,4432,12128100.03,32877649.66,0.371373064
2016,July,31,4552,12128100.03,32877649.66,0.371373064
2016,March,31,4788,12128100.03,32877649.66,0.371373064
2015,October,31,4919,12128100.03,32877649.66,0.371373064
2017,August,31,4925,12128100.03,32877649.66,0.371373064
2017,March,31,4951,12128100.03,32877649.66,0.371373064
2016,August,31,5054,12128100.03,32877649.66,0.371373064
2015,September,30,5084,12128100.03,32877649.66,0.371373064
2016,June,30,5280,12128100.03,32877649.66,0.371373064
2017,July,31,5313,12128100.03,32877649.66,0.371373064
2016,September,30,5383,12128100.03,32877649.66,0.371373064
2016,April,30,5404,12128100.03,32877649.66,0.371373064
2016,May,31,5466,12128100.03,32877649.66,0.371373064
2017,April,30,5641,12128100.03,32877649.66,0.371373064
2017,June,30,5647,12128100.03,32877649.66,0.371373064
2016,October,31,6176,12128100.03,32877649.66,0.371373064
2017,May,31,6313,12128100.03,32877649.66,0.371373064
